,kappa1,kappa2,kappa3,kappam1,kappam2,kappam3,phi
0,11.077,4.481,2.721,9.398,3.359,1.909,2.428298615384615
1,9.091,3.6,1.975,7.398,2.494,1.236,1.6773283636363636
2,9.091,3.6,1.975,8.893,3.465,1.882,2.801295
3,9.091,3.6,2.215,7.398,2.494,1.403,1.6773283636363636
4,9.091,3.6,1.975,7.398,2.494,1.236,1.6773283636363636
